Region,Shortlist,Role,Company,Tier,Tier Score,Location,Salary Band,Employment Type,Date Posted,Job URL,Job Description,Vertical
West Coast,TRUE,Recruiting Coordinator,Rockstar,A,120,"San Francisco, CA","$80,000 - $100,000 USD (annual)",Full-time,2026-09-14,https://www.linkedin.com/jobs/view/recruiting-coordinator-at-rockstar-4465767943,"Rockstar is recruiting for a market-leading AI voice agent for mortgage lenders. Founded in 2024, this company has grown from ~$0 to $13M in revenue in 20 months, and 5 of the 10 largest independent mortgage banks in the U.S. are enterprise customers. They have raised $21M+ across Seed and Series A, most recently a $15M Series A in June 2026. Location: San Francisco, CA (Hybrid) Employment Type: Full time Department: Operations The Role The client is looking for a smart, highly organized, and r…",human_resources
West Coast,TRUE,Security Operations Analyst,Anduril Industries,A,119,"Costa Mesa, CA","$129,000 - $171,000 USD (annual)",Full-time,2026-09-12,https://www.linkedin.com/jobs/view/security-operations-analyst-at-anduril-industries-4457524473,"Anduril Industries is a defense technology company with a mission to transform U.S. and allied military capabilities with advanced technology. By bringing the expertise, technology, and business model of the 21st century’s most innovative companies to the defense industry, Anduril is changing how military systems are designed, built and sold. Anduril’s family of systems is powered by Lattice OS, an AI-powered operating system that turns thousands of data streams into a realtime, 3D command and…",data_analytics
West Coast,TRUE,Security Operations Analyst,Anduril Industries,A,119,"Seattle, WA","$129,000 - $171,000 USD (annual)",Full-time,2026-09-12,https://www.linkedin.com/jobs/view/security-operations-analyst-at-anduril-industries-4457511572,"Anduril Industries is a defense technology company with a mission to transform U.S. and allied military capabilities with advanced technology. By bringing the expertise, technology, and business model of the 21st century’s most innovative companies to the defense industry, Anduril is changing how military systems are designed, built and sold. Anduril’s family of systems is powered by Lattice OS, an AI-powered operating system that turns thousands of data streams into a realtime, 3D command and…",data_analytics
West Coast,TRUE,Product Designer,IBM,A,116,"Bellevue, WA","$175,656 - $244,900 USD (annual)",Full-time,2026-09-09,https://www.linkedin.com/jobs/view/product-designer-at-ibm-4463091008,"Your Role And Responsibilities Product Designer, IBM Corporation, Bellevue, WA (Up to 100% telecommuting permitted): Lead user experience for products, ensuring end-to-end design success for customers and users from discovery to implementation. Partners with Product Manager to help implement strategies for GTM, Sales, and Customer Success. Lead agile design initiatives for products, coordinating with cross-functional teams to ensure alignment and efficiency and represent Design at agile ceremon…",ux_design
West Coast,TRUE,Air Export Gateway Operations Coordinator,Expeditors,A,108,"Hawthorne, CA",$20 - $30 USD /hr,Full-time,2026-09-11,https://www.linkedin.com/jobs/view/air-export-gateway-operations-coordinator-at-expeditors-4464240358,"We take care of our employees, and they take care of our customers! Become a member of a global community! The international logistics industry is an integral piece of the global trade puzzle; we make the world go round. Global supply chain management is what we do, and at the heart of Expeditors you will find professionalism, leadership, and a friendly environment, all of which foster an innovative, customer service-based approach to logistics. Expeditors is a global logistics company headquar…",operations
West Coast,TRUE,Project Coordinator,Celerity,A,106,"Walnut Creek, CA","$70,000 - $85,000 USD (annual)",Full-time,2026-09-09,https://www.linkedin.com/jobs/view/project-coordinator-at-celerity-4464939273,"Job Title: Project Coordinator/Analyst Location : Remote (work from home eligible) Travel: Ability to travel to client sites (domestic and(or) international) as required and defined per project requirements Schedule: Typical working hours will fall within standard business hours (generally between 7:00 a.m. and 6:00 p.m.), depending on project and client needs Pay : $70,000 - $85,000 DOE Company Overview: Celerity is a consulting firm specializing in utilities and energy sectors. We empower org…",project_management
West Coast,TRUE,"Data Analyst, Specialist",Vanguard,A,98,"Scottsdale, AZ",Not listed,Full-time,2026-09-11,https://www.linkedin.com/jobs/view/data-analyst-specialist-at-vanguard-4466305883,"Analyzes data, assesses trends and develops actionable insights and recommendations in support of business objectives. Trains and develops junior analysts. Role Summary The Data Analyst, Specialist is responsible for leveraging data-driven insights to support strategic business decisions and improve operational efficiency. This role involves structuring complex business requests into well-defined analytical projects, extracting and analyzing large datasets from multiple sources, and developing…",data_analytics
West Coast,TRUE,NEW GRAD - Recruiting Coordinator,Carvana,A,98,"Tempe, AZ",Not listed,Full-time,2026-09-11,https://www.linkedin.com/jobs/view/new-grad-recruiting-coordinator-at-carvana-4463931573,"About Carvana At Carvana, we’re changing the way people buy and sell cars. With an ambitious vision and a fundamentally different approach designed to be fun, fast, and fair, Carvana became the fastest-growing automotive retailer in history. We expanded nationally, went public on the New York Stock Exchange, sold our 1 millionth car, and reached the Fortune 500, all in just eight years. Today, with 4 million retail customers and counting, Carvana is both the fastest-growing and the most profita…",human_resources
West Coast,,Data Analyst- S&OP,Revelyst,A,97,"Irvine, CA",Not listed,Full-time,2026-09-10,https://www.linkedin.com/jobs/view/data-analyst-s-op-at-revelyst-4464800897,"Job Description A Reporting Data Analyst, you will drive the reporting and analytics behind our sales and operations planning (S&OP) process for our portfolio of Adventure Sports brands, delivering insights across demand, supply, and inventory — leveraging AI tools embedded throughout how we analyze data and report on it. You will partner with demand and supply planning, operations, finance, and commercial teams to build dashboards and recurring S&OP deliverables, consolidating large data sets…",data_analytics
West Coast,,Process Technician,Bloom Energy,A,97,"Fremont, CA",Not listed,Full-time,2026-09-10,https://www.linkedin.com/jobs/view/process-technician-at-bloom-energy-4465869835,"Shift Schedule: This position will work the day shift, 6am – 6pm, Thursday- Saturday including every alternating Wednesday. At Bloom Energy, our vision for a world powered by clean, reliable, and affordable energy is more than just a dream—we’re making it reality. For over two decades, we’ve been at the forefront of the global energy transition, pioneering solutions that empower critical industries to thrive in a rapidly digitizing, energy-intensive world. From revolutionizing power for AI-driv…",semiconductor
West Coast,,Freight Operations Coordinator,The Pasha Group,A,91,"Tacoma, WA",Not listed,Full-time,2026-09-02,https://www.linkedin.com/jobs/view/freight-operations-coordinator-at-the-pasha-group-4460989888,"Job Summary The Freight Coordinator supports the efficient movement of cargo through transloading operations by handling documentation, communication, and coordination across operations and support teams, customers, and business partners. Primary Objectives Coordinate accurate and timely cargo handling through effective processing of work orders. Maintain clear and consistent communication with customers, vendors, and operations teams. Support operational readiness by aligning documentation and…",operations
West Coast,,"Mission Operations Coordinator, Santa Clara, CA (Overnight Shift)",Nuro,A,91,"Santa Clara, CA",Not listed,Full-time,2026-09-02,https://www.linkedin.com/jobs/view/mission-operations-coordinator-santa-clara-ca-overnight-shift-at-nuro-4460673598,"Who We Are Nuro is a self-driving technology company on a mission to make autonomy accessible to all. Founded in 2016, Nuro is building the world’s most scalable driver, combining cutting-edge AI with automotive-grade hardware. Nuro licenses its core technology, the Nuro Driver™, to support a wide range of applications, from robotaxis and commercial fleets to personally owned vehicles. With technology proven over years of self-driving deployments, Nuro gives the automakers and mobility platform…",operations
West Coast,,UI/UX Designer,Cala Health,B,88,"San Francisco, CA","$120,000 - $140,000 USD (annual)",Full-time,2026-09-11,https://www.linkedin.com/jobs/view/ui-ux-designer-at-cala-health-4465166509,"About Cala At Cala, we’re working to free people from the burden of chronic disease. We began by creating the first non-invasive prescription therapy for hand tremor. After years of careful fine-tuning and improvements, we released Cala kIQ — our most sophisticated therapy yet. Our products have empowered thousands of people to get back to their lives with confidence and ease. But we won’t stop there. Our pioneering technology can be applied across neurology, cardiology, and so much more. It’s…",ux_design
West Coast,,Data Analyst,NovumHealth,B,78,"Las Vegas, NV","$60,000 - $70,000 USD (annual)",Full-time,2026-09-11,https://www.linkedin.com/jobs/view/data-analyst-at-novumhealth-4463938318,"Our Mission To create an organization that sets the standard of excellence in the compassionate treatment of behavioral health and addiction disorders. Who are we? Since 2015, Nevada Behavioral Health Systems (NBH) has been providing mental health and substance abuse services to residents across Nevada. By collaborating with a diverse network of experienced behavioral healthcare providers, we have built a community-based care system that offers members personalized options tailored to their ind…",data_analytics
West Coast,,"Project Coordinator - Tucson, AZ",Forged Fiber 37,B,76,"Tucson, AZ","$49,000 - $81,000 USD (annual)",Full-time,2026-09-09,https://www.linkedin.com/jobs/view/project-coordinator-tucson-az-at-forged-fiber-37-4465361202,"About Forged Fiber At Forged Fiber, our mission is bold but simple: deliver fast, reliable, future-proof connectivity that builds the foundation for everything online. As we execute, we believe the right way to do something is the only way. This foundation guides how the company builds, operates, and maintains a state-of-the-art open-access fiber network platform that empowers millions. Forged Fiber is about more than building a network. It is about people. Every role matters. Every contributio…",project_management
West Coast,,"Business Operations Analyst, AI Program",McKinstry,B,76,"Seattle, WA",$28 - $45 USD /hr,Full-time,2026-09-09,https://www.linkedin.com/jobs/view/business-operations-analyst-ai-program-at-mckinstry-4463084364,"Build the future, spark innovation and align your career with purpose. McKinstry is innovating the waste and climate harm out of the built environment and creating lasting impact. Together, we’re building a thriving planet. Buildings are a leading contributor to the climate crisis, generating nearly 40% of total global energy-related carbon emissions. We’re making a lasting impact on our industry and within our communities by addressing the climate, affordability and equity crises through: rene…",data_analytics
West Coast,,Operations Coordinator,Boutique Recruiting,B,71,"Phoenix, AZ","$60,000 - $65,000 USD (annual)",Full-time,2026-09-02,https://www.linkedin.com/jobs/view/operations-coordinator-at-boutique-recruiting-4452609446,"Position Title: Operations Coordinator Salary Range: $60,000–$65,000 / Year, DOE Join a fast-growing premium pet care company where operations, logistics, and customer experience converge. The Operations Coordinator will support the U.S. Operations, Customer Service, Supply Chain, and Sales teams, helping ensure orders move accurately and efficiently from initial coordination through final delivery. This role is ideal for someone who thrives in a fast-moving environment, knows how to stay ahead…",operations
West Coast,,HR Generalist 1,TALENT Software Services,B,70,"Los Angeles, CA",Not listed,Full-time,2026-09-14,https://www.linkedin.com/jobs/view/hr-generalist-1-at-talent-software-services-4465223482,"Description: Summary: The main function of a human resources generalist is perform the administrative functions, such as employee benefits, recruiting and interviewing, along with strategic planning and policy management. A typical human resources generalist is responsible for enhancing company productivity, increasing performance and improving business results. Job Responsibilities: Serve as a link between management and employees by handling questions, interpreting, and administering contract…",human_resources
West Coast,,IT Support Specialist,Fate Therapeutics Inc.,B,69,"San Diego, CA",Not listed,Full-time,2026-09-12,https://www.linkedin.com/jobs/view/it-support-specialist-at-fate-therapeutics-inc-4466496894,"Fate Therapeutics is seeking a hands-on, customer-focused IT Support Specialist to provide Tier I and Tier II support across our corporate and laboratory environments. This role will troubleshoot and resolve a wide range of technical issues, support Windows, Microsoft 365, SaaS applications, and end-user devices, and partner with teams across the organization to keep our technology running smoothly. The ideal candidate is a strong problem solver, excellent communicator, and team player who thri…",it_support
West Coast,,UX Designer,Evlo AI,B,69,"Seattle, WA",Not listed,Full-time,2026-09-13,https://www.linkedin.com/jobs/view/ux-designer-at-evlo-ai-4465700013,"About The Role The UX Designer shapes end-to-end experiences for web and mobile products, translating complex workflows, APIs, and system capabilities into clear, accessible interfaces that users can navigate with confidence. The role partners with product managers, engineers, UX researchers, and content designers from discovery through launch. Success means producing thoughtful interaction models, validating decisions with users, and delivering designs that scale through a shared design system…",ux_design
West Coast,,Logistics Coordinator II,Nikkiso Clean Energy & Industrial Gases,B,69,"North Las Vegas, NV",Not listed,Full-time,2026-09-12,https://www.linkedin.com/jobs/view/logistics-coordinator-ii-at-nikkiso-clean-energy-industrial-gases-4466429989,"Company Overview Nikkiso Clean Energy & Industrial Gases is a leading provider of cryogenic pumps, heat exchangers, process systems, services, and solutions for the LNG and industrial gases industry. We are a subsidiary of Nikkiso Company Ltd, a leading industrial manufacturer headquartered in Tokyo, Japan, with over $1.5 B in annual revenue, 8000 + employees worldwide, and publicly traded on the Tokyo Stock Exchange. Nikkiso Cryo, Inc. , is one of the world’s foremost suppliers of submerged mo…",supply_chain
West Coast,,Operations Coordinator,"FreshPoint, Inc.",B,68,"Kahului, HI",Not listed,Full-time,2026-09-11,https://www.linkedin.com/jobs/view/operations-coordinator-at-freshpoint-inc-4466325375,Job Summary The Operations Coordinator is responsible for coordinating and assigning the work and equipment of the Night Shipping operations to enhance the efficiency of the shipping processes and ensure compliance with standard operating procedures. They are responsible for communicating with Sales and other department leaders regarding changes to loads and shorts and assist in problem solving to provide a high level of customer satisfaction. Responsibilities Create and maintain databases and…,operations
West Coast,,Cybersecurity Analyst [JOB ID 20260910],Phoenix Cyber,B,67,"Phoenix, AZ",Not listed,Full-time,2026-09-10,https://www.linkedin.com/jobs/view/cybersecurity-analyst-job-id-20260910-at-phoenix-cyber-4463912483,"Phoenix Cyber is looking for Cybersecurity Analysts to join our client delivery team. This is a remote position. Monitor and analyze network traffic, Intrusion Detection Systems (IDS), security events and logs; Prioritize and differentiate between potential intrusion attempts and false alarms. Develop, maintain, and follow SOC Standard Operating Procedures (SOPs). Support daily and monthly situation reporting per shift. Proactively review large data sets for anomalous activity. Create detective…",cybersecurity
West Coast,,SOC Analyst I,AMERICAN SYSTEMS,B,67,"Monterey, CA",Not listed,Full-time,2026-09-10,https://www.linkedin.com/jobs/view/soc-analyst-i-at-american-systems-4437310336,"Now Hiring at AMERICAN SYSTEMS Epsilon, Inc. has joined AMERICAN SYSTEMS! As one organization, we offer expanded resources, streamlined operations, and increased opportunities for growth and development. Join us to be part of a dynamic, collaborative environment dedicated to innovation and customer success. Responsibilities An average day: As The SOC Analyst I, You Will Provide Tier I Cybersecurity Support In a SOC Environment By Tracking And Reporting Cyber Security Threats, Events, And Incide…",cybersecurity
West Coast,,Technical Support Analyst II,Holland & Hart LLP,B,66,"Boise, ID",Not listed,Full-time,2026-09-09,https://www.linkedin.com/jobs/view/technical-support-analyst-ii-at-holland-hart-llp-4464111146,"General Purpose The Technical Support Analyst II will provide the support for all end user computing hardware, software, and networking equipment and will provide leadership and knowledge sharing with the Technical Support Analyst I. This position will interact with all business units and will be the primary face of the IT department and will therefore require excellent customer service skills, a positive and professional attitude, and is team oriented with the ability to work independently wit…",it_support
West Coast,,Project Coordinator II,"ARCHSOL, LLC",B,66,"Scottsdale, AZ",Not listed,Full-time,2026-09-09,https://www.linkedin.com/jobs/view/project-coordinator-ii-at-archsol-llc-4464128797,"We are seeking a highly experienced Project Coordinator to join our team in Scottsdale, AZ. Our firm is a growing, healthcare-focused architectural practice of approximately 40–50 professionals. We work on consequential projects for hospitals, health systems, rural healthcare providers, and specialty care organizations throughout Arizona and the surrounding region. Our work includes new hospitals, major renovations and expansions, emergency departments, surgical platforms, imaging, cardiac serv…",project_management
West Coast,,Recruiting Coordinator,Coram AI,B,66,"Sunnyvale, CA",Not listed,Full-time,2026-09-09,https://www.linkedin.com/jobs/view/recruiting-coordinator-at-coram-ai-4465367186,"At Coram AI, we’re reimagining video security for the modern world. Our cloud-native platform uses computer vision and AI to help businesses stay safe, make smarter decisions, and move faster; from real-time alerts to seamless clip sharing and multi-site visibility. You’ll be joining an ambitious, fast-moving team that values clarity, craftsmanship, and impact. Every person here has a voice, ships meaningful work, and helps shape how AI can make the world safer and more connected. The Role As t…",human_resources
West Coast,,Recruiting Coordinator,Coram AI,B,66,"Scottsdale, AZ",Not listed,Full-time,2026-09-09,https://www.linkedin.com/jobs/view/recruiting-coordinator-at-coram-ai-4465367183,"At Coram AI, we’re reimagining video security for the modern world. Our cloud-native platform uses computer vision and AI to help businesses stay safe, make smarter decisions, and move faster; from real-time alerts to seamless clip sharing and multi-site visibility. You’ll be joining an ambitious, fast-moving team that values clarity, craftsmanship, and impact. Every person here has a voice, ships meaningful work, and helps shape how AI can make the world safer and more connected. The Role As t…",human_resources
West Coast,,Contracts and Procurement Analyst,California Department of Industrial Relations,B,63,"Sacramento, CA",Not listed,Full-time,2026-09-04,https://www.linkedin.com/jobs/view/contracts-and-procurement-analyst-at-california-department-of-industrial-relations-4463644592,"Job Description And Duties This is a re-post. If you previously applied, there is no need to re-apply as your application is on file and will be considered. Under the direction of the Supervisor I, the incumbent independently performs a variety of more responsible and complex analytical assignments related to contract and procurement development, consultation, and policies and procedures. The incumbent also performs varied analytical assignments related to contract administration, reporting and…",supply_chain
Midwest,TRUE,Clinical Operations Coordinator (Report Gen),Tempus AI,A,103,"Chicago, IL","$50,000 - $55,000 USD (annual)",Full-time,2026-09-04,https://www.linkedin.com/jobs/view/clinical-operations-coordinator-report-gen-at-tempus-ai-4462339213,"Passionate about precision medicine and advancing the healthcare industry? Recent advancements in underlying technology have finally made it possible for AI to impact clinical care in a meaningful way. Tempus' proprietary platform connects an entire ecosystem of real-world evidence to deliver real-time, actionable insights to physicians, providing critical information about the right treatments for the right patients, at the right time. Responsibilities Manage assigned workflows independently,…",operations
Midwest,TRUE,Clinical Operations Coordinator (Reference Lab),Tempus AI,A,101,"Chicago, IL","$50,000 - $55,000 USD (annual)",Full-time,2026-09-01,https://www.linkedin.com/jobs/view/clinical-operations-coordinator-reference-lab-at-tempus-ai-4460689173,"Passionate about precision medicine and advancing the healthcare industry? Recent advancements in underlying technology have finally made it possible for AI to impact clinical care in a meaningful way. Tempus' proprietary platform connects an entire ecosystem of real-world evidence to deliver real-time, actionable insights to physicians, providing critical information about the right treatments for the right patients, at the right time. We are looking for a Clinical Operations Coordinator who w…",operations
Midwest,TRUE,Human Resources Assistant,Acadia Healthcare,A,98,"Fort Wayne, IN",Not listed,Full-time,2026-09-11,https://www.linkedin.com/jobs/view/human-resources-assistant-at-acadia-healthcare-4465127769,"Purpose Statement Responsible for a combination of routine, technical and administrative work to assist with a variety of HR activities. Essential Functions Assist with a variety of HR functions in the facility including recruitment, staffing, employee records, new hire orientation, benefits communications and employee recognition. Assist with day to day operations of the HR functions and duties. Support special projects and events related to these functions and operate under immediate supervis…",human_resources
Midwest,TRUE,Business Analyst,HTC Global Services,A,97,"Grand Rapids, MI",Not listed,Full-time,2026-09-10,https://www.linkedin.com/jobs/view/business-analyst-at-htc-global-services-4464587299,"Job Description Job Title : Business Analyst Position Overview Play a key role in transforming business needs into clear functional requirements while partnering with stakeholders and delivery teams throughout the project lifecycle. This position combines business analysis, process improvement, documentation, and cross-functional collaboration to help achieve business objectives. What You'll Do / Key Responsibilities Gather, analyze, and document business requirements from stakeholders. Transla…",data_analytics
Midwest,TRUE,Millwork Project Coordinator,Merritt,A,97,"Mentor, OH",Not listed,Full-time,2026-09-10,https://www.linkedin.com/jobs/view/millwork-project-coordinator-at-merritt-4465848847,"Merritt Woodwork is a premier luxury woodworking company creating custom interiors for mega-mansions, super-yachts, and high-end properties worldwide. NOW HIRING: Project Coordinator (Mentor, OH) ONSITE – NOT A REMOTE POSITION Join our team supporting high-end custom projects! We are seeking a highly organized Project Coordinator to support our Project Management and Engineering teams by managing project information in Procore, coordinating meetings and documentation, tracking changes, buyouts,…",project_management
Midwest,TRUE,Process Technician - 1st Shift,Tru Vue,A,97,"Faribault, MN",Not listed,Full-time,2026-09-10,https://www.linkedin.com/jobs/view/process-technician-1st-shift-at-tru-vue-4455479967,"Tru Vue Inc. Work Hours: 1st Shift - Monday-Friday 6:00am-2:30pm Apogee Enterprises, Inc. (NASDAQ: APOG), was founded in 1949 and is headquartered in Minneapolis, MN. Apogee is a growing, profitable company with annual revenues approaching $1.5 billion. We provide distinctive metal and glass solutions for enclosing commercial buildings, and glass and acrylic solutions for picture framing and display applications. To learn more visit: www.apog.com. The Apogee Performance Surfaces segment generat…",semiconductor
Midwest,TRUE,Human Resources Assistant,Encompass Health,A,96,"Dayton, OH",Not listed,Full-time,2026-09-09,https://www.linkedin.com/jobs/view/human-resources-assistant-at-encompass-health-4446393017,"Human Resources Assistant Career Opportunity Valued For Your Human Resource Skills Are you passionate about Human Resources and looking for a career close to home and heart? Encompass Health is actively searching for a committed Human Resources Assistant to become a valuable part of our hospital team. In this role, you'll be reporting to the Director of Human Resources, where you will be instrumental in delivering crucial administrative support. From recruitment to benefits administration, orie…",human_resources
Midwest,TRUE,Data Analytics - Operations,U.S. Bank,A,96,"Cincinnati, OH",Not listed,Full-time,2026-09-09,https://www.linkedin.com/jobs/view/data-analytics-operations-at-u-s-bank-4464941151,"At U.S. Bank, we’re on a journey to do our best. Helping the customers and businesses we serve to make better and smarter financial decisions and enabling the communities we support to grow and succeed. We believe it takes all of us to bring our shared ambition to life, and each person is unique in their potential. A career with U.S. Bank gives you a wide, ever-growing range of opportunities to discover what makes you thrive at every stage of your career. Try new things, learn new skills and di…",data_analytics
Midwest,,Recruitment Coordinator,Koch,A,90,"Wichita, KS",Not listed,Full-time,2026-08-31,https://www.linkedin.com/jobs/view/recruitment-coordinator-at-koch-4459255284,"Your Job Koch Recruiting is seeking a Recruitment Coordinator to support recruiting activity. Based in Wichita, Kansas, this individual will partner closely with recruiters, candidates, hiring supervisors, and interview teams to deliver efficient recruiting coordination and an excellent candidate experience. The role will provide flexible coordination support across Wichita-headquartered Koch companies early careers and experienced hiring – flowing to work when business demand or team capacity…",human_resources
Midwest,,Recruiting Coordinator,Mercy Housing,B,78,"Denver, CO",$25 - $27 USD /hr,Full-time,2026-09-11,https://www.linkedin.com/jobs/view/recruiting-coordinator-at-mercy-housing-4466374723,"At Mercy Housing, the nation's largest non-profit affordable housing provider, we believe that business and mission are not competing values. Our core values of Respect, Justice, and Mercy guide how we serve our residents, support our employees, and work together to create stable, vibrant communities. The Recruiting Coordinator will support the full-cycle recruitment process by prescreening candidates, coordinating interviews and ensuring a smooth and efficient hiring experience. This role is c…",human_resources
Midwest,,Project Coordinator: Commercial Construction,Jobot,B,77,"Huber Heights, OH","$60,000 - $70,000 USD (annual)",Full-time,2026-09-10,https://www.linkedin.com/jobs/view/project-coordinator-commercial-construction-at-jobot-4463911439,"Want to learn more about this role and Jobot? Click our Jobot logo and follow our LinkedIn page! Job details: Project Coordinator/$$$/Thriving work culture and profit sharing! This Jobot Job is hosted by: Evan Flynn Are you a fit? Easy Apply now by clicking the ""Easy Apply"" button and sending us your resume. Salary: $60,000 - $70,000 per year A bit about us: Our client is one of the largest and most reputable commercial roofing companies in the United States. It specializes in a wide range of r…",project_management
Midwest,,Project Coordinator: Commercial Construction,Jobot,B,77,"Columbus, OH","$60,000 - $70,000 USD (annual)",Full-time,2026-09-10,https://www.linkedin.com/jobs/view/project-coordinator-commercial-construction-at-jobot-4463491990,"Want to learn more about this role and Jobot? Click our Jobot logo and follow our LinkedIn page! Job details: Project Coordinator/$$$/Thriving work culture and profit sharing! This Jobot Job is hosted by: Evan Flynn Are you a fit? Easy Apply now by clicking the ""Easy Apply"" button and sending us your resume. Salary: $60,000 - $70,000 per year A bit about us: Our client is one of the largest and most reputable commercial roofing companies in the United States. It specializes in a wide range of r…",project_management
Midwest,,HR Generalist,CFS,B,76,"Kalamazoo, MI","$60,000 - $72,000 USD (annual)",Full-time,2026-09-08,https://www.linkedin.com/jobs/view/hr-generalist-at-cfs-4462563176,"Location: Kalamazoo, MI Compensation: $60,000–$72,000 annually Schedule: Full-time | Monday–Friday | 8:00 AM–5:00 PM | Onsite About The Company Our client is a well-established nonprofit organization dedicated to supporting education and community development throughout Southwest Michigan. They offer a collaborative, people-first culture where employees are encouraged to contribute ideas, build relationships, and make a meaningful impact. Responsibilities Coordinate all aspects of employee onbo…",human_resources
Midwest,,Data Analyst,Evlo AI,B,69,"Denver, CO",Not listed,Full-time,2026-09-13,https://www.linkedin.com/jobs/view/data-analyst-at-evlo-ai-4465480173,"About The Role The Data Analyst turns product, customer, and operational data into reliable reporting and clear business decisions. The role works across SQL-based warehouses such as Snowflake or BigQuery, BI tools such as Looker or Tableau, and modern transformation workflows built with dbt. The analyst will partner with product, operations, finance, and engineering teams to define metrics, investigate performance trends, and improve the quality of dashboards and recurring analyses. This role…",data_analytics
Midwest,,HR Generalist,Lightways Hospice and Serious Illness Care,B,69,"Joliet, IL",Not listed,Full-time,2026-09-12,https://www.linkedin.com/jobs/view/hr-generalist-at-lightways-hospice-and-serious-illness-care-4466421659,"Founded in 1982 as Joliet Area Community Hospice, Lightways Hospice and Serious Illness Care is an independent, nonprofit healthcare provider licensed in 11 counties in northwest Illinois. We provide exceptional serious illness care, hospice care and grief support for adults and children. The majority of our direct patient care is in the field with Lightways team members providing care in the home, nursing facility or assisted living facility. We also have a 24-bed inpatient unit in Joliet. Non…",human_resources
Midwest,,Global Tier 1 Service Desk Technician,KBR Careers,B,68,"Colorado Springs, CO",Not listed,Full-time,2026-09-11,https://www.linkedin.com/jobs/view/global-tier-1-service-desk-technician-at-kbr-careers-4466002011,"Title Global Tier 1 Service Desk Technician We are KBR When you become part of our KBR team, your opportunities are endless. Through internal collaboration, and with our partners and customers, we’re defining tomorrow’s challenges, then providing the innovative solutions to overcome those challenges, always maintaining our commitment to Zero Harm and our Sustainability Platform. In September 2025, we announced that we are spinning our Mission Technology Solutions business into a separate public…",it_support
Midwest,,Technical Support Analyst,Shamrock Trading Corporation,B,68,"Overland Park, KS",Not listed,Full-time,2026-09-11,https://www.linkedin.com/jobs/view/technical-support-analyst-at-shamrock-trading-corporation-4464255186,"About Shamrock Trading Corporation Shamrock Trading Corporation is a family of brands that has been serving the transportation and logistics industries since 1986. Shamrock offers factoring solutions, export financing, third-party logistics, a fuel card program and trucking technology. Shamrock’s mission since the start has been to create value and success for our customers, our partners and our people. Strong ethics, dedication to our customers and close attention to the marketplace are critic…",it_support
Midwest,,Human Resources Assistant - Oakdale,"Central Minnesota Jobs and Training Services, Inc.",B,68,"Saint Paul Church, MN",Not listed,Full-time,2026-09-11,https://www.linkedin.com/jobs/view/human-resources-assistant-oakdale-at-central-minnesota-jobs-and-training-services-inc-4464215816,"Job Posting We're hiring an HR Assistant! We are looking for a self-starter who has the ability to create a positive experience for both employees and applicants, and who wants to be part of a professional and innovative team serving a great staff and community. This position serves as the first point of contact of our HR team for employees and applicants, ensuring an excellent experience. Additionally, this role provides primary support related to recruiting and onboarding, is the main contact…",human_resources
Midwest,,Recruitment Coordinator,MGM Healthcare,B,67,"Creve Coeur, MO",Not listed,Full-time,2026-09-10,https://www.linkedin.com/jobs/view/recruitment-coordinator-at-mgm-healthcare-4464805623,"MGM Healthcare supports 34 centers across two states as they deliver the highest quality of care for every resident through our most valuable asset: team members. We seek compassionate and thoughtful individuals who share our passion for exceptional care in senior living. If you have a drive for connecting people to the right job roles and building teams with great candidates, join us to lead the charge as our Recruitment Coordinator. The Coordinator helps fill job vacancies for healthcare prof…",human_resources
Midwest,,Talent Acquisition Coordinator,"Auto Driveaway Systems, LLC",B,66,"Lombard, IL",Not listed,Full-time,2026-09-09,https://www.linkedin.com/jobs/view/talent-acquisition-coordinator-at-auto-driveaway-systems-llc-4464946188,"Description Looking for the ability to make an impact as a key part of a dedicated, diverse, and growing company? If so, Auto Driveaway Systems, LLC is seeking an innovative, detail-oriented individual to join us as a Talent Acquisition Coordinator. In this role, you will provide critical coordination and hands-on support across the full recruiting process, working side by side with our recruiter on a lean, fast-moving talent acquisition team. It is a chance to take real ownership, learn every…",human_resources
Midwest,,Recruitment Coordinator,"CB Partners, LLC",B,66,"Denver, CO",Not listed,Full-time,2026-09-08,https://www.linkedin.com/jobs/view/recruitment-coordinator-at-cb-partners-llc-4463550712,"CB Partners is growing, and we’re looking for a Recruiting Coordinator to join our team. This is an opportunity to start or grow a career in recruiting while working alongside an experienced team. You’ll play an important role in helping our recruiters identify great candidates, connect with talent, and keep searches moving. Previous recruiting experience is not required. We’re looking for someone who is organized, motivated, comfortable communicating with new people, and excited to learn. What…",human_resources
Midwest,,Technical Support Specialist II,City of Cleveland,B,63,"Cleveland, OH",Not listed,Full-time,2026-09-04,https://www.linkedin.com/jobs/view/technical-support-specialist-ii-at-city-of-cleveland-4464215959,"Description Technical Support Specialist II Position Summary This position must be able to perform the duties of a Technical Support Specialist II. Help Desk personnel need excellent problem-solving, communication and interpersonal skills, along with patience, a customer-friendly attitude and the ability to work in a team environment. Strong Computer Skills and the Ability to Troubleshoot and Diagnose Problems, Familiarity with PC, Mac, and Microsoft software. Experience with Minor Network Repa…",it_support
Midwest,,International Operations Coordinator,SEKO Logistics,B,63,"Columbus, OH",Not listed,Full-time,2026-09-04,https://www.linkedin.com/jobs/view/international-operations-coordinator-at-seko-logistics-4454342627,"Job Description About SEKO SEKO started out in business in 1976, operating out of a single Chicago office. Since then, we have built a solid reputation throughout the world as an innovative and flexible provider of first-class logistics services. We provide complete Supply Chain Solutions, specializing in transportation, logistics, forwarding and warehousing. We also lead the industry with innovative and customizable IT solutions, which provide a seamless flow of information and give our growin…",operations
Midwest,,Human Resources Assistant,725 Transportation Company,B,62,"Cleveland, OH",Not listed,Full-time,2026-09-03,https://www.linkedin.com/jobs/view/human-resources-assistant-at-725-transportation-company-4461366652,"725 | Full-Time | In-Office 725 is looking for a motivated, positive, self-driven Human Resources Assistant to join our team. In this role, you'll support the HR Manager, who oversees people operations for both 725 and its affiliated 100-person company. You'll work out of one location and follow one set of systems, processes, and policies — 725's — while helping take care of our people across both organizations. This role is a great fit for someone early in their HR career who wants hands-on ex…",human_resources
South,TRUE,IT Business Analyst,Hogan Lovells Cadwalader,A,120,"Washington, DC","$126,000 - $145,000 USD (annual)",Full-time,2026-09-14,https://www.linkedin.com/jobs/view/it-business-analyst-at-hogan-lovells-cadwalader-4465792133,"Hogan Lovells Cadwalader delivers decisive counsel at the intersection of finance, business, and regulation, helping clients succeed when it matters most. We are a leading global law firm trusted to advise on complex, high-stakes matters, combining global scale with local intelligence to help clients move markets, shape industries, define new opportunities, and succeed. With more than 3,100 lawyers worldwide, we bring sharp thinking, deep commercial understanding, and an uncompromising commitme…",data_analytics
South,TRUE,Data Analyst,Kyndryl,A,117,"Triangle, VA","$77,040 - $146,640 USD (annual)",Full-time,2026-09-10,https://www.linkedin.com/jobs/view/data-analyst-at-kyndryl-4464816034,"Who We Are At Kyndryl, we design, build, manage and modernize the mission-critical technology systems that the world depends on every day. So why work at Kyndryl? We are always moving forward – always pushing ourselves to go further in our efforts to build a more equitable, inclusive world for our employees, our customers and our communities. The Role Join Kyndryl as a Data Analyst where you will unlock the power of data to drive strategic decisions and shape the future of our business. As a ke…",data_analytics
South,TRUE,Tech Support Analyst II,LPL Financial,A,109,"Fort Mill, SC",$27 - $45 USD /hr,Full-time,2026-09-12,https://www.linkedin.com/jobs/view/tech-support-analyst-ii-at-lpl-financial-4466423499,"Where Ambition Meets Innovation Build a career that matches all your initiative with an impressive dose of innovation. From cutting-edge resources and a collaborative environment to the freedom to make an impact and more, you’ll find the ingredients you need at LPL Financial to shape your success while helping clients pursue their financial goals. Job Overview: The Tech Support Analyst provides IT support to LPL employees by resolving or escalating technical issues in a timely and professional…",it_support
South,TRUE,IT Service Desk Support,Landis+Gyr,A,102,"Alpharetta, GA","$50,908 - $64,384 USD (annual)",Full-time,2026-09-03,https://www.linkedin.com/jobs/view/it-service-desk-support-at-landis%2Bgyr-4461922218,"At Landis+Gyr, we're helping shape the future of energy—making it more intelligent, resilient, and sustainable. As a global energy technology leader, we're accelerating the energy evolution through purposeful innovation and trusted partnerships. Trusted by more than 2,000 utilities worldwide, our intelligent solutions connect devices, data, and decisions across the grid, helping customers modernize infrastructure, optimize operations, and deliver energy that is more reliable, resilient, accessi…",it_support
South,TRUE,Process Technician I,Sonoco,A,100,"Hartselle, AL",Not listed,Full-time,2026-09-14,https://www.linkedin.com/jobs/view/process-technician-i-at-sonoco-4462885376,"Position: Process Technician I Location: Hartselle Wood Reels, Auto Flange Shift: Second, 2p-10p Payrate: $26.37 /HR + .75 Shift Diff From a small family business to a multi-billion dollar global company, Sonoco has been changing the face of products and packaging since 1899 — all while keeping the heart of “People Build Businesses” alive. Our talented people are at the core of our growth, constantly reinventing the Sonoco wheel with brilliant solutions every year. Today we are a world leader i…",semiconductor
South,TRUE,Business Analyst - Retail Energy,Capco,A,99,"Dallas, TX",Not listed,Full-time,2026-09-12,https://www.linkedin.com/jobs/view/business-analyst-retail-energy-at-capco-4466422316,"Business Analyst – Retail Energy Location: Dallas, Texas (Hybrid) | Practice Area: Business Consulting | Type: Permanent Shape the future of retail energy by translating complex business needs into impactful technology solutions. The Role As a Business Analyst specializing in Retail Energy, you will support clients in delivering transformation initiatives across the energy sector. You will work closely with stakeholders to understand strategic objectives, gather and translate requirements, and…",data_analytics
South,TRUE,Procurement Analyst,Rosendin,A,99,"Houston, TX",Not listed,Full-time,2026-09-12,https://www.linkedin.com/jobs/view/procurement-analyst-at-rosendin-4466426696,"Whether you’re a recent grad or a seasoned professional, you can experience meaningful career growth at Rosendin. Enjoy a true sense of ownership as you work with a proven industry leader on some of the most exciting and high-profile projects in the nation. We offer a wide range of job opportunities, competitive compensation, full benefits, an Employee Stock Ownership Plan and more. Why Rosendin? Committed. Innovative. Engaged. If you’re looking to take your career to the next level and work wi…",supply_chain
South,TRUE,Manufacturing Technician A,L3Harris Technologies,A,99,"Salt Lake City, UT",Not listed,Full-time,2026-09-12,https://www.linkedin.com/jobs/view/manufacturing-technician-a-at-l3harris-technologies-4431123008,"L3Harris is dedicated to recruiting and developing high-performing talent who are passionate about what they do. Our employees are unified in a shared dedication to our customers’ mission and quest for professional growth. L3Harris provides an inclusive, engaging environment designed to empower employees and promote work-life success. Fundamental to our culture is an unwavering focus on values, dedication to our communities, and commitment to excellence in everything we do. L3Harris is the Trus…",semiconductor
South,,Maintenance Technician,Smurfit Westrock,A,99,"Tupelo, MS",Not listed,Full-time,2026-09-12,https://www.linkedin.com/jobs/view/maintenance-technician-at-smurfit-westrock-4466422356,"Description & Requirements Smurfit Westrock (NYSE:SW) is the go-to leader and partner of choice in sustainable packaging. We are dedicated to creating efficient and scalable paper and packaging solutions to help solve complex packaging challenges. Guided by our values of safety, loyalty, integrity and respect, we are committed to delivering meaningful value for shareholders, customers, employees and the communities where we operate. Tupelo, MS- Industrial Maintenance Tech The Opportunity As a s…",semiconductor
South,,"Data Analyst, Specialist",Vanguard,A,98,"Dallas, TX",Not listed,Full-time,2026-09-11,https://www.linkedin.com/jobs/view/data-analyst-specialist-at-vanguard-4466308828,"Analyzes data, assesses trends and develops actionable insights and recommendations in support of business objectives. Trains and develops junior analysts. Role Summary The Data Analyst, Specialist is responsible for leveraging data-driven insights to support strategic business decisions and improve operational efficiency. This role involves structuring complex business requests into well-defined analytical projects, extracting and analyzing large datasets from multiple sources, and developing…",data_analytics
South,,"Product Designer II, New Business",CNN,A,98,"Washington, DC",Not listed,Full-time,2026-09-11,https://www.linkedin.com/jobs/view/product-designer-ii-new-business-at-cnn-4427111391,"Welcome to Warner Bros. Discovery… the stuff dreams are made of. Who We Are… When we say, “the stuff dreams are made of,” we’re not just referring to the world of wizards, dragons and superheroes, or even to the wonders of Planet Earth. Behind WBD’s vast portfolio of iconic content and beloved brands, are the storytellers bringing our characters to life, the creators bringing them to your living rooms and the dreamers creating what’s next… From brilliant creatives, to technology trailblazers, a…",ux_design
South,,HR Assistant-HR Service Center,University of Mississippi Medical Center,A,97,"Jackson, MS",Not listed,Full-time,2026-09-10,https://www.linkedin.com/jobs/view/hr-assistant-hr-service-center-at-university-of-mississippi-medical-center-4463911455,"Hello, Thank You For Your Interest In Career Opportunities With The University Of Mississippi Medical Center. Please Review The Following Instructions Prior To Submitting Your Job Application Provide all of your employment history, education, and licenses/certifications/registrations. You will be unable to modify your application after you have submitted it. You must meet all of the job requirements at the time of submitting the application. You can only apply one time to a job requisition. Onc…",human_resources
South,,Services Procurement Analyst,EDP Renewables North America,A,97,"Houston, TX",Not listed,Full-time,2026-09-10,https://www.linkedin.com/jobs/view/services-procurement-analyst-at-edp-renewables-north-america-4465627400,"EDP Renewables is a global leader in the renewable energy sector and the fourth-largest wind energy producer. With a sound development pipeline, first-class assets, and market-leading operating capacity, EDPR has undergone exceptional development in recent years and is currently present in 28 markets. Our company is part of EDP, a global energy group present in around 30 markets with a particular emphasis on renewable energies. With more than 45 years of experience, we have been consolidating a…",supply_chain
South,,Molding Injection Process Technician; 2nd and 3rd Shift; Starting Wage $24.50 hourly + Shift Premium,"Stanley Black & Decker, Inc.",A,97,"Mission, TX",Not listed,Full-time,2026-09-10,https://www.linkedin.com/jobs/view/molding-injection-process-technician-2nd-and-3rd-shift-starting-wage-%2424-50-hourly-%2B-shift-premium-at-stanley-black-decker-inc-4465879625,"Molding Injection Process Technician 2nd and 3rd shift Starting Wage $24.50 hourly + Shipt Premium Make Your Mark. Shape Your Future. It takes great people to achieve greatness. People with a sense of purpose and integrity. People with a relentless pursuit of excellence. People who care about making things better For Those Who Make The World™. Sound like you? Join our top-notch team of 54,000+ professionals in 60 countries who are making their mark on some of the world’s most beloved brands, in…",semiconductor
South,,"Maintenance Technician, Rotating Equipment -US",CF Industries,A,97,"Woodward, OK",Not listed,Full-time,2026-09-10,https://www.linkedin.com/jobs/view/maintenance-technician-rotating-equipment-us-at-cf-industries-4465357597,"At CF Industries, our mission is to provide clean energy to feed and fuel the world sustainably. Our employees are focused on safe and reliable operations, environmental stewardship, and disciplined capital and corporate management. By joining CF, you will be part of a team that brings their varied experiences, wide-ranging knowledge and diverse talents together to deliver important work and you’ll be able to pursue complex, exciting opportunities that help you continue to grow and achieve your…",semiconductor
South,,IT Service Desk Support Specialist,Holland & Knight LLP,A,96,"Tampa, FL",Not listed,Full-time,2026-09-08,https://www.linkedin.com/jobs/view/it-service-desk-support-specialist-at-holland-knight-llp-4464644004,"We are a Firm where people truly believe in what they do and strive to achieve the highest standards of performance and success. This position is based in the Firm's global operations center in Tampa, FL. General Description The IT Service Desk Support Specialist will offer professional customer service and technical help, assisting users and IT staff with troubleshooting, maintaining, and resolving computer hardware and software issues. Key Responsibilities And Essential Job Functions Provide…",it_support
South,,"IT Support Technician II, AIS, User Services",Tulane University,A,96,"New Orleans, LA",Not listed,Full-time,2026-09-08,https://www.linkedin.com/jobs/view/it-support-technician-ii-ais-user-services-at-tulane-university-4463564241,"Job Description The IT Support Technician II is a professional support position in the Office of Advancement, responsible for ensuring the optimal performance and functionality of desktop and mobile devices for end users. The position manages various tasks related to user support, such as receiving, prioritizing, documenting, and resolving help requests using diagnostic tools and ticketing systems. The position also provides direct assistance at the desktop level when needed. The IT Support Tec…",it_support
South,,IT Support Associate I,Expeditors,A,96,"Charlotte, NC",Not listed,Full-time,2026-09-08,https://www.linkedin.com/jobs/view/it-support-associate-i-at-expeditors-4462508950,"We take care of our employees, and they take care of our customers! Become a member of a global community! The international logistics industry is an integral piece of the global trade puzzle; we make the world go round. Global supply chain management is what we do, and at the heart of Expeditors you will find professionalism, leadership, and a friendly environment, all of which foster an innovative, customer service-based approach to logistics. Expeditors is a global logistics company headquar…",it_support
South,,IT Support Technician II,Tulane University,A,96,"New Orleans, LA",Not listed,Full-time,2026-09-09,https://www.linkedin.com/jobs/view/it-support-technician-ii-at-tulane-university-4463887447,"Job Description Provides prompt, courteous, and helpful user support to the Tulane University community. Executes their responsibilities by providing comprehensive on-site support, concise and relevant phone help, efficient remote desktop interface, and/or second level Windows or Mac support. Contributes to the comprehensive tracking and reporting on problems trends while inputting into the creation of support systems. Collaborates with other IT analysts an IT staff to implement services, deliv…",it_support
South,,Service Desk Tech I,Clayton,A,96,"Maryville, TN",Not listed,Full-time,2026-09-09,https://www.linkedin.com/jobs/view/service-desk-tech-i-at-clayton-4465303703,"Service Desk Tech I (Second Shift 11am - 8pm) Position Summary The Service Desk Technician I serves as the first point of contact for Clayton team members requiring technical assistance with hardware, software, and technology-related issues. This role is responsible for providing timely troubleshooting support, fulfilling service requests, contributing to knowledge management efforts, and collaborating with technology teams to support the successful implementation of new functionality. About Th…",it_support
South,,IT Security Analyst,RC Willey,A,96,"Salt Lake City, UT",Not listed,Full-time,2026-09-09,https://www.linkedin.com/jobs/view/it-security-analyst-at-rc-willey-4465318901,"RC Willey is looking for a cybersecurity professional to monitor, investigate, and respond to threats across enterprise, cloud, and Microsoft environments, with a focus on SIEM, EDR/XDR, threat hunting, vulnerability management, and incident response. The ideal candidate has 3+ years of experience, strong analytical and problem-solving skills, attention to detail, and the ability to work independently and collaboratively. Compensation Range: $75-95k annual salary (dependent on experience) This…",cybersecurity
South,,PMO Analyst,EDP Renewables North America,A,96,"Houston, TX",Not listed,Full-time,2026-09-09,https://www.linkedin.com/jobs/view/pmo-analyst-at-edp-renewables-north-america-4465075036,"EDP Renewables is a global leader in the renewable energy sector and currently operates in more than 25 markets. With eight offices and several sites, at EDP Renewables North America, we are experienced developers and operators of renewable energy. Our portfolio includes wind farms, solar parks, energy storage projects, and green hydrogen solutions throughout the continent. We are ranked among the top 5 in the U.S. in operational renewable energy capacity. Our company is part of EDP, a global e…",project_management
South,,Manufacturing Technician - Third Shift (G-Project),Foxconn Industrial Internet - FII,A,96,"Houston, TX",Not listed,Full-time,2026-09-08,https://www.linkedin.com/jobs/view/manufacturing-technician-third-shift-g-project-at-foxconn-industrial-internet-fii-4463525968,"Locations: Houston (IB3) Business Units: CESBG Job Classification: Non-Exempt Summary The Manufacturing Technician ensures the proper operation of assigned production processes. Utilizing knowledge gained through training and hands on experience, they operate production systems and, when necessary, manage production equipment. The technician is responsible for accurately recording results, downtime, and other events during their shift, and actively participates in teams developing corrective ac…",semiconductor
South,,Service Desk IT Analyst I,The University of Texas at Arlington,A,94,"Arlington, TX",Not listed,Full-time,2026-09-05,https://www.linkedin.com/jobs/view/service-desk-it-analyst-i-at-the-university-of-texas-at-arlington-4463696028,"Purpose of Position This role provides beginner to intermediate frontline technology support for client requests and incidents, through chat, phone calls, and / or walk-up client interactions. Handles Tier 1 client support, that is support for process-driven and documented known issues. Technical issues and skills will vary but include account access, email, network connectivity, software, academic technology, computing endpoint devices, printers and other technology peripherals. Essential Func…",it_support
South,,Practice Operations Coordinator,Lockton,A,94,"Plano, TX",Not listed,Full-time,2026-09-05,https://www.linkedin.com/jobs/view/practice-operations-coordinator-at-lockton-4454863044,"Your Responsibilities Support the delivery of administrative functions while serving as the primary coordinator of operational workflows. This role owns intake management, data integrity, workflow administration, platform support, vendor coordination, and day-to-day operational execution across multiple specialty practices. The position serves as the primary business owner for key operational platforms and vendor-supported workflows, ensuring efficient processing, service delivery, visibility,…",operations
South,,"Project Analyst, Store Development",Total Wine & More,A,93,"Bethesda, MD",Not listed,Full-time,2026-09-04,https://www.linkedin.com/jobs/view/project-analyst-store-development-at-total-wine-more-4450800640,"About The Role Total Wine & More is seeking a Project Analyst, Store Development to join our team in Bethesda, MD. You will develop and maintain project documentation, reporting, and coordination routines that support efficient department operations and project execution. This role works independently on defined project controls, budget tracking, procurement coordination, and status reporting while partnering with Project Managers, Accounting, Procurement, Facilities, vendors, and internal stak…",project_management
South,,Human Resources Coordinator,Kimley-Horn,A,92,"Coral Gables, FL",Not listed,Volunteer,2026-09-10,https://www.linkedin.com/jobs/view/human-resources-coordinator-at-kimley-horn-4464589292,"Overview Kimley-Horn is looking for a Human Resources (HR) Coordinator to join our Coral Gables, Florida (FL) office on their HR team! This is not a remote position. Responsibilities Conduct new hire orientations and associated integration tasks to ensure a positive onboarding experience. Provide primary support for career check-in process across the region. Complete non-exempt to exempt class changes in accordance with federal and state laws. Review and support internal training team by identi…",human_resources
South,,"PRT Operations - Data Analyst, PRT",American National,A,91,"Houston, TX",Not listed,Full-time,2026-09-02,https://www.linkedin.com/jobs/view/prt-operations-data-analyst-prt-at-american-national-4451947557,"American National is seeking a Pension Risk Transfer Data Analyst for our League City, TX or Houston, TX location. The focus of this role is to assist with the company’s day to day PRT operations, including new client onboarding, monthly annuity payroll, annuity administration, and data related initiatives that aim to help accelerate American National’s capabilities as a group annuity market leader. This role will participate in business-wide data projects that will support the management team…",data_analytics
South,,Operations Coordinator (Night Shift) - Stabil Drill,Superior Energy Services,A,91,"Midland, TX",Not listed,Full-time,2026-09-01,https://www.linkedin.com/jobs/view/operations-coordinator-night-shift-stabil-drill-at-superior-energy-services-4460933034,"Stabil Drill, A Superior Energy Services Company, is a global company that provides tough, durable tools to support the energy industry in some of the most demanding drilling applications. We have the most talented team of knowledgeable people who work together to deliver on our promise of integrity, strength and innovation. Stabil Drill is currently seeking a Full-Time Operations Coordinator (Night Shift) to join our team in Midland, Texas. Essential Duties And Responsibilities Plan, schedule…",operations
South,,Data Analyst - Power BI,Piper Companies,B,89,"Columbia, MD","$105,000 - $115,000 USD (annual)",Full-time,2026-09-12,https://www.linkedin.com/jobs/view/data-analyst-power-bi-at-piper-companies-4465416207,"Piper Companies is seeking a Data Analyst to join a mission‑driven Digital Transformation team focused on reshaping how patients and providers interact through innovative digital solutions. This role plays a key part in enabling data‑driven decision making by transforming complex data into actionable insights that drive operational efficiency, product performance, and meaningful business outcomes. This position is fully remote , with occasional travel for team‑building on client site. Overview…",data_analytics
South,,Business Analyst,Corporate One Federal Credit Union,B,89,"Jacksonville, FL","$108,000 - $116,000 USD (annual)",Full-time,2026-09-12,https://www.linkedin.com/jobs/view/business-analyst-at-corporate-one-federal-credit-union-4466416223,"Location: Candidates in the Columbus, Ohio and Jacksonville, Florida area are preferred; remote employment is also possible for candidates in Alabama, Indiana, Michigan, North Carolina, Tennessee, and Texas. Compensation Range: $108,000 - $116,000, commensurate with experience and qualifications. Are you energized by transforming business ideas into technology solutions that deliver real value? Do you thrive in collaborative environments where your analytical skills help shape exceptional produ…",data_analytics
South,,Business Analyst,Tata Consultancy Services,B,83,"Charlotte, NC","$110,000 - $120,000 USD (annual)",Full-time,2026-09-04,https://www.linkedin.com/jobs/view/business-analyst-at-tata-consultancy-services-4453266224,"Job Description Lead requirements gathering sessions with business partners, technology teams, and other stakeholders to define scope, objectives, business needs, success criteria, and implementation considerations for Employee Virtual Assistant capabilities. Create clear, thorough, and well-structured technical documentation, including business requirements, functional specifications, process flows, conversational design documents, decisioning logic, data mappings, and integration details. Tra…",data_analytics
South,,IT Support Specialist,Michael Baker International,B,78,"Salt Lake City, UT",$27 - $34 USD /hr,Full-time,2026-09-11,https://www.linkedin.com/jobs/view/it-support-specialist-at-michael-baker-international-4464855200,"Job Description Corporate Practice Michael Baker International understands that people require choices in where they want to begin to build a sustainable future. For more than 85 years, Michael Baker International has maintained an entrepreneurial work environment that fosters great careers, which has ultimately brought great success to the organization. Michael Baker offers many opportunities to help you grow professionally to build your career. Whether it is in Finance, IT, Human Resources, T…",it_support
South,,Talent Acquisition Coordinator (req-298),CATHEXIS,B,78,"Tysons Corner, VA","$55,000 - $65,000 USD (annual)",Full-time,2026-09-11,https://www.linkedin.com/jobs/view/talent-acquisition-coordinator-req-298-at-cathexis-4466090896,"Team CATHEXIS elevates the government contracting experience through rapid response, deep skill, and thoughtful problem-solving and communication. Our core capabilities are our top-tier program and project management, data analytics, and audit services, the backbone of which is our integrated approach to operational excellence. You worked hard to get to where you are. You strive to make every day better than the day before. So do we. Team CATHEXIS operates with an all-in mindset. We are working…",human_resources
South,,Human Resources Coordinator,ImageSFX,B,77,"Baltimore, MD",$20 - $25 USD /hr,Full-time,2026-09-10,https://www.linkedin.com/jobs/view/human-resources-coordinator-at-imagesfx-4464811405,"In order to use this site, it is necessary to enable JavaScript. Here are the instructions how to enable JavaScript in your web browser. All Jobs > Human Resources Coordinator Advanced Entertainment Technologies Inc Apply Human Resources Coordinator Baltimore, MD Administration Apply Job Type Full-time Description This is an in-person position based at our Baltimore, MD (Curtis Bay area) Headquarters. Image Engineering was founded as a company that pushes boundaries, develops new ideas through…",human_resources
South,,IT Helpdesk Technician,Rimkus,B,76,"Houston, TX","$60,000 - $75,000 USD (annual)",Full-time,2026-09-08,https://www.linkedin.com/jobs/view/it-helpdesk-technician-at-rimkus-4462548617,"Join Rimkus and unlock your potential with endless opportunities for growth, learning, and making a difference! Rimkus is a worldwide leader in Engineering and Technical Consulting. Rimkus experts specialize in building envelope, engineering, forensic consulting, dispute resolution, construction management services, and solutions built for the environment. NOW IS THE TIME to join this growing and stable company! The IT Helpdesk Technician provides frontline technical support to Rimkus employees…",it_support
South,,IT Support Technician,SC&H,B,76,"Hunt Valley, MD","$60,000 - $75,000 USD (annual)",Full-time,2026-09-08,https://www.linkedin.com/jobs/view/it-support-technician-at-sc-h-4464699295,"SC&H offers you an opportunity to leverage your IT Helpdesk experience and to broaden your business skills in a rewarding and challenging environment. Work with other talented technology professionals in supporting our employees' technology needs, concerns, and issues, allowing them to meet their business objectives. We are currently searching for a talented IT Support Technician to join our team in Hunt Valley, MD. Work You'll Do Provide responsive end user support for hardware, software, acce…",it_support
South,,"Project Coordinator - Salt Lake City, UT",Forged Fiber 37,B,76,"Salt Lake City, UT","$49,000 - $81,000 USD (annual)",Full-time,2026-09-09,https://www.linkedin.com/jobs/view/project-coordinator-salt-lake-city-ut-at-forged-fiber-37-4465098556,"About Forged Fiber At Forged Fiber, our mission is bold but simple: deliver fast, reliable, future-proof connectivity that builds the foundation for everything online. As we execute, we believe the right way to do something is the only way. This foundation guides how the company builds, operates, and maintains a state-of-the-art open-access fiber network platform that empowers millions. Forged Fiber is about more than building a network. It is about people. Every role matters. Every contributio…",project_management
South,,Automotive Operations Coordinator,Dent Wizard International,B,76,"Arlington, TX",$24 - $26 USD /hr,Full-time,2026-09-09,https://www.linkedin.com/jobs/view/automotive-operations-coordinator-at-dent-wizard-international-4463082869,"About Dent Wizard Dent Wizard is the nation’s undisputed leader in automotive reconditioning services and vehicle protection products – and our success is the result of the great people who serve our customers. We’re stable, growing and have a strong business model, with opportunities in 43 states, 2.5 million vehicles repaired every year and more than 3,000 highly skilled employees. Help us reach new heights and receive the respect, rewards and recognition you deserve. Job Title: Automotive Op…",operations
South,,Procurement Analyst,Phaxis,B,71,"Charlotte, NC","$70,000 - $80,000 USD (annual)",Full-time,2026-09-01,https://www.linkedin.com/jobs/view/procurement-analyst-at-phaxis-4462048316,"Procurement Analyst HealthcareNo Corp to Corp Location: Charlotte, NC - SouthPark Area Schedule: Full-Time | Hybrid Salary: $70,000-$80,000 Employment Type: Direct Hire Hours: Monday-Friday | 8:00 AM-5:00 PM Position Overview We are seeking a motivated and detail-oriented Procurement Analyst to join a growing, multi-location healthcare organization in Charlotte, NC. This position will initially focus on hands-on purchasing activities, including purchase orders, vendor coordination, pricing, pur…",supply_chain
South,,Process Technician,US Farathane,B,70,"Jackson, TN",Not listed,Full-time,2026-09-14,https://www.linkedin.com/jobs/view/process-technician-at-us-farathane-4467078959,"Location: Jackson, TN 38301 Job Summary We are seeking a detail-oriented and skilled Process Technician to join our team in Jackson, TN. The ideal candidate will be responsible for monitoring, operating, and optimizing manufacturing processes to ensure product quality and efficiency. This role requires a strong understanding of process controls, troubleshooting, and adherence to safety standards. Key Responsibilities Monitor and control manufacturing processes to maintain product quality and co…",semiconductor
South,,Investment Operations Analyst - Entry Level,PrincePerelson and Associates,B,70,"Salt Lake City, UT",Not listed,Full-time,2026-09-14,https://www.linkedin.com/jobs/view/investment-operations-analyst-entry-level-at-princeperelson-and-associates-4465767954,"Investment Operations Analyst - Entry Level Salt Lake City, UT (In-Office | Must be local) Comp: $47-56K/year We are partnering with a leading global financial firm to identify an experienced Investment Operations Analyst . This role supports complex investment portfolios and financial operations, with a focus on daily account activity, operational risk, process improvement, and collaboration across teams. This is a great opportunity to build your career in investment operations while gaining e…",data_analytics
South,,IT Information Support Technician,DeZURIK,B,69,"Gastonia, NC",Not listed,Full-time,2026-09-13,https://www.linkedin.com/jobs/view/it-information-support-technician-at-dezurik-4411277703,"DeZURIK is building our internal IT support capabilities and is hiring an IT Support Technician to work onsite in our Gastonia, NC location to serve as the first line of support for our users across DeZURIK and Red Valve. This is a great opportunity for someone who enjoys problem solving, helping others, and building strong technical foundations while supporting a growing organization. In this role, you’ll spend most of your time triaging and resolving Tier 1 IT issues—handling password resets,…",it_support
South,,UX Designer,Evlo AI,B,69,"Miami, FL",Not listed,Full-time,2026-09-13,https://www.linkedin.com/jobs/view/ux-designer-at-evlo-ai-4465490096,"About The Role The UX Designer will shape web and mobile product experiences from early concepts through production, translating complex workflows into clear, accessible interfaces. The role will work across user flows, interaction patterns, visual systems, and responsive behavior using Figma and a shared design system. This role matters because product usability directly affects activation, retention, and customer trust. The designer will partner with product managers, UX researchers, engineer…",ux_design
South,,Production Technician - Chemical Area (Can Plant),Envases US Aluminum Division,B,69,"Waco, TX",Not listed,Full-time,2026-09-13,https://www.linkedin.com/jobs/view/production-technician-chemical-area-can-plant-at-envases-us-aluminum-division-4466793441,"Brief Description POSITION SUMMARY: Our Waco, TX facility manufactures aluminum beverage cans commonly used for soft drinks, beers, energy drinks, teas and non-carbonated beverages. Using state of the art can-making technology, this high speed environment provides rewarding manufacturing opportunities. The Production Technician in the Chemical Area is responsible for the operation, monitoring, and control of the high-speed Can Washer and Pre-treatment Systems. This role ensures that aluminum ca…",semiconductor
South,,Global Tier 1 Service Desk Technician,KBR Careers,B,68,"Clearfield, UT",Not listed,Full-time,2026-09-11,https://www.linkedin.com/jobs/view/global-tier-1-service-desk-technician-at-kbr-careers-4465899023,"Title Global Tier 1 Service Desk Technician We are KBR When you become part of our KBR team, your opportunities are endless. Through internal collaboration, and with our partners and customers, we’re defining tomorrow’s challenges, then providing the innovative solutions to overcome those challenges, always maintaining our commitment to Zero Harm and our Sustainability Platform. In September 2025, we announced that we are spinning our Mission Technology Solutions business into a separate public…",it_support
South,,Global Tier 1 Service Desk Technician,KBR Careers,B,68,"Orange Park, FL",Not listed,Full-time,2026-09-11,https://www.linkedin.com/jobs/view/global-tier-1-service-desk-technician-at-kbr-careers-4465895104,"Title Global Tier 1 Service Desk Technician We are KBR When you become part of our KBR team, your opportunities are endless. Through internal collaboration, and with our partners and customers, we’re defining tomorrow’s challenges, then providing the innovative solutions to overcome those challenges, always maintaining our commitment to Zero Harm and our Sustainability Platform. In September 2025, we announced that we are spinning our Mission Technology Solutions business into a separate public…",it_support
South,,Junior Data Analyst,SimPL Freight Solutions LLC,B,68,"Raleigh, NC",Not listed,Full-time,2026-09-11,https://www.linkedin.com/jobs/view/junior-data-analyst-at-simpl-freight-solutions-llc-4466363626,"At SimPL Freight Solutions , we simplify transportation for companies that move a lot of freight but don’t want the headache of managing it all themselves. We step in as their transportation team - coordinating shipments, managing carrier relationships, tracking performance, and improving how everything runs behind the scenes. Our customers range from large manufacturers to high-volume distributors across industries like automotive, building materials, food, and packaging. No matter the industr…",data_analytics
South,,UI/UX Designer 4,Centex Technologies,B,68,"Killeen, TX",Not listed,Full-time,2026-09-11,https://www.linkedin.com/jobs/view/ui-ux-designer-4-at-centex-technologies-4466013697,"Description Centex Technologies is hiring a UI/UX Designer 4 to lead research, interaction design, prototyping, and design-system work for accessible, intuitive digital products serving complex user and customer needs. This opportunity is well suited to an experienced professional who enjoys owning difficult work, creating clarity, and collaborating across technical, program, and customer teams. What You'll Do Plan and conduct stakeholder interviews, user research, workflow analysis, and usabil…",ux_design
South,,Information Security Analyst,CoAd,B,68,"Bradenton, FL",Not listed,Full-time,2026-09-11,https://www.linkedin.com/jobs/view/information-security-analyst-at-coad-4466349860,"CoAd helps businesses navigate the complexities of workforce management through a combination of technology, expertise, and human support. Serving more than 17,000 clients nationwide, CoAd delivers payroll, HR, benefits administration, compliance support, workforce technology, and PEO services that help organizations simplify operations, support their employees, and drive growth. Built on the belief that workforce solutions should be integrated, intuitive, and people-centered, CoAd empowers emp…",cybersecurity
South,,Logistics Coordinator,Carillon Green,B,68,"Tampa, FL",Not listed,Full-time,2026-09-11,https://www.linkedin.com/jobs/view/logistics-coordinator-at-carillon-green-4463972545,"Benefits: 401(k) matching Competitive salary Health insurance Paid time off Training & development Who are we? Carillon Green Inc. is a global chemical ingredients wholesale distributor to cosmetic, personal care, household cleaning and industrial industries. We specialize in supplying natural, healthy and organic chemicals with our main office in Tampa, FL (USA) and satellite offices in Europe and India. We have a strong network of suppliers all over the globe which allows us to serve our cust…",supply_chain
South,,SOC Analyst II / Cybersecurity Operations Analyst,ASSYST,B,67,"Austin, TX",Not listed,Full-time,2026-09-10,https://www.linkedin.com/jobs/view/soc-analyst-ii-cybersecurity-operations-analyst-at-assyst-4465855995,"ASSYST is seeking a Network Security Analyst for a State client in Austin, TX to support the cybersecurity operations, security monitoring, threat detection, and incident response activities for a client. The role will focus on monitoring and triaging security alerts, analyzing suspicious activity and security events, identifying potential threats, and supporting incident investigation and response activities. The ideal candidate will have experience in cybersecurity operations, security monito…",data_analytics
South,,Network Security Analyst,"ArnAmy, Inc.",B,67,"Austin, TX",Not listed,Full-time,2026-09-10,https://www.linkedin.com/jobs/view/network-security-analyst-at-arnamy-inc-4466091319,"A network security analyst ensures that information systems and computer networks are secure. This includes protecting the company against hackers and cyber-attacks, as well as monitoring network traffic and server logs for activity that seems unusual. Additionally, these analysts are responsible for finding vulnerabilities in the computer networks and creating recommendations for how to minimize these vulnerabilities. The network security analyst investigates security breaches, develops strate…",cybersecurity
South,,HR Generalist,Smart Family of Cooling Products,B,67,"Houston, TX",Not listed,Full-time,2026-09-10,https://www.linkedin.com/jobs/view/hr-generalist-at-smart-family-of-cooling-products-4464525743,"The ideal candidate will be responsible for payroll and benefits, recruitment efforts, new hire orientation and onboarding, company policy and procedure adherence. In addition, you will build strong relationships with our company's managers in order to help them with their human resource needs. Responsibilities Processes payroll on a bi-weekly schedule and creates reports for the Accounting team. Assists with reviewing resumes, conducting interviews and making hiring suggestions. Works closely…",human_resources
South,,Purchasing Analyst,Southern HealthCare Management,B,67,"Atlanta, GA",Not listed,Full-time,2026-09-10,https://www.linkedin.com/jobs/view/purchasing-analyst-at-southern-healthcare-management-4465865561,"Purchasing Analyst/Hybrid Southern Healthcare Management (SHCM) is seeking a motivated and detailed-oriented Purchasing Analyst to join our team in Dunwoody, GA. This is an excellent opportunity for a proactive, analytical professional who enjoys working cross-functionally, building strong vendor relationships, solving problems, and finding meaningful opportunities to improve purchasing processes and manage costs. What You'll Do Analyze purchasing activity, spending, and vendor performance to i…",supply_chain
East Coast,TRUE,Data Analyst,1stDibs,A,118,"New York, NY","$92,000 - $115,000 USD (annual)",Full-time,2026-09-11,https://www.linkedin.com/jobs/view/data-analyst-at-1stdibs-4438120135,"1stDibs is a one-of-a-kind online marketplace that connects design lovers to more than one million extraordinary pieces, from furniture and fine art to jewelry and fashion. As a leading global marketplace for design lovers, we enable shoppers to discover beautiful things and engage with top sellers from around the world. We encourage our shoppers to interact with sellers throughout all stages of the transaction, including item inquiries, price negotiations and customization requests. As a Data…",data_analytics
East Coast,TRUE,Project Analyst,Eastern Bank,A,107,"Wakefield, MA","$60,786 - $97,692 USD (annual)",Full-time,2026-09-10,https://www.linkedin.com/jobs/view/project-analyst-at-eastern-bank-4463929139,"Job Description Hiring Range: $60,786- $97,692 Actual pay may vary based on experience, skills, and market factors; additional compensation may apply. Eastern offers a robust benefits and retirement package. Please see the description of benefits included with this job posting for additional information. PURPOSE/OBJECTIVE: The Project Management Analyst supports the Technology Project Management team by enabling consistent, disciplined, and transparent delivery of technology initiatives. This r…",project_management
East Coast,TRUE,"Product Designer II, New Business",CNN,A,98,"New York, NY",Not listed,Full-time,2026-09-11,https://www.linkedin.com/jobs/view/product-designer-ii-new-business-at-cnn-4427099772,"Welcome to Warner Bros. Discovery… the stuff dreams are made of. Who We Are… When we say, “the stuff dreams are made of,” we’re not just referring to the world of wizards, dragons and superheroes, or even to the wonders of Planet Earth. Behind WBD’s vast portfolio of iconic content and beloved brands, are the storytellers bringing our characters to life, the creators bringing them to your living rooms and the dreamers creating what’s next… From brilliant creatives, to technology trailblazers, a…",ux_design
East Coast,TRUE,Purchasing Analyst,WIN Waste Innovations,A,98,"Morrisville, PA",Not listed,Full-time,2026-09-11,https://www.linkedin.com/jobs/view/purchasing-analyst-at-win-waste-innovations-4459890304,"Win Waste is seeking a detail‑driven and proactive Purchasing Analyst II to support our procurement and operational needs. In this role, you will source goods and services, negotiate pricing and agreements, manage supplier relationships, monitor inventory levels, and ensure compliance with company standards. Success in this position requires strong communication skills, cross‑functional collaboration, and a solid understanding of project planning, budgeting, and scheduling. Key Responsibilities…",supply_chain
East Coast,TRUE,Operations Analyst - Traditional Income,SEI,A,98,"Oaks, PA",Not listed,Full-time,2026-09-11,https://www.linkedin.com/jobs/view/operations-analyst-traditional-income-at-sei-4466380850,"As a member of the SEI Wealth Platform, US Operations, the Income Analyst role requires a self-motivated, goal-oriented individual to work in a team environment, manage multiple tasks in a time sensitive delivery schedule. The Income team is proactively researches, interprets, notifies and processes events for Mutual Fund and Traditional Assets. They are responsible for processing Income events on the SEI’s Wealth Platform with a team of analysts. What You Will Do Basic processing and/or servic…",data_analytics
East Coast,TRUE,"Operations Analyst, Centralized Operations",SEI,A,98,"Oaks, PA",Not listed,Full-time,2026-09-11,https://www.linkedin.com/jobs/view/operations-analyst-centralized-operations-at-sei-4429710356,"The Investment Manager Services Division (IMS) at SEI is growing rapidly and is seeking new members on our Centralized Operations team. The entry-level Operations Analyst provides technical and function support to account uses. You will interact with accounting and other operations teams and development groups internally, as well as externally with clients and service providers. What You’ll Do Ability to work a consistent scheduled from 12:00PM to 8:00PM. You will assist with security master se…",data_analytics
East Coast,TRUE,Demand Planning Analyst,Saint-Gobain,A,97,"Malvern, PA",Not listed,Full-time,2026-09-10,https://www.linkedin.com/jobs/view/demand-planning-analyst-at-saint-gobain-4465852581,"The Demand Planning Analyst supports forecasting and distribution planning activities by analyzing market trends, customer demand, and commercial sales data. This role partners closely with sales, marketing, and supply chain teams to develop accurate demand forecasts, maintain data integrity within the Logility planning system, and provide actionable insights that drive business performance and operational alignment across CertainTeed Interior Product Group. Lead demand forecasting and planning…",supply_chain
East Coast,TRUE,Logistics Import Operations Coordinator,Expeditors,A,91,"Folcroft, PA",Not listed,Full-time,2026-09-02,https://www.linkedin.com/jobs/view/logistics-import-operations-coordinator-at-expeditors-4459980555,"Become a member of a global community! The international logistics industry is an integral piece of the global trade puzzle; we make the world go round. Global supply chain management is what we do, and at the heart of Expeditors you will find professionalism, leadership, and a friendly environment, all of which foster an innovative, customer service-based approach to logistics. Expeditors is a global logistics company headquartered in Seattle, Washington. As a Fortune 500 company, we employ ov…",operations
East Coast,,Human Resources Generalist,Addition Management,B,80,"Queens, NY","$75,000 - $85,000 USD (annual)",Full-time,2026-09-14,https://www.linkedin.com/jobs/view/human-resources-generalist-at-addition-management-4467039028,"Position: Human Resource Generalist Location: Long Island City, NY (Fully in office) Salary: $75k – $85k High End Luxury Consumer Goods Organization seeks a Human Resource Generalist to join their Team! Responsibilities: Supports all aspects of the New York-based Human Resource Department. From interviewing to on-boarding; from time and attendance to performance management; from workplace investigations to wellness programs, the Human Resources Generalist represents the Company to prospective h…",human_resources
East Coast,,Recruitment Coordinator,North Bridge Staffing Group,B,78,"New York, NY","$80,000 - $95,000 USD (annual)",Full-time,2026-09-11,https://www.linkedin.com/jobs/view/recruitment-coordinator-at-north-bridge-staffing-group-4465111752,"Recruitment Coordinator | Financial Services Firm New York, NY | Hybrid (4 Days Onsite) | $80K–$95K Base Salary North Bridge Staffing is partnering with a rapidly growing financial services firm to identify a Recruitment Coordinator to join their expanding Talent Acquisition team in New York City. This is an exciting opportunity for a recruiting professional who thrives in a fast-paced environment, enjoys partnering with stakeholders, and is looking to make an immediate impact on a growing team…",human_resources
East Coast,,"Operations Coordinator, Commercial Operations",Moran Towing Corporation,B,78,"New Canaan, CT","$70,000 - $75,000 USD (annual)",Full-time,2026-09-11,https://www.linkedin.com/jobs/view/operations-coordinator-commercial-operations-at-moran-towing-corporation-4464898011,"Brief Description Moran Towing Corporation (www.morantug.com) has an opportunity available for a Operations Coordinator, Commercial Operations , based in New Canaan, CT. This is a full-time, salaried, exempt position reporting to the Senior Manager, Commercial Operations. Moran Towing Corporation is one of the oldest companies in America and has prospered by continuously reinventing itself for over 160 years. Starting in 1860 as a tugboat company, we have grown from those roots to become a domi…",operations
East Coast,,Human Resources Coordinator,CF Legal Recruiting and Staffing,B,72,"New York, NY","$65,000 - $80,000 USD (annual)",Full-time,2026-09-03,https://www.linkedin.com/jobs/view/human-resources-coordinator-at-cf-legal-recruiting-and-staffing-4461677295,"Human Resources Coordinator Location: New York, NY Schedule: Hybrid Salary: $65,000–$80,000 Firm: Well-regarded mid-size law firm Position Overview A growing mid-size New York City law firm is seeking a Human Resources Coordinator to join its HR team. This position is ideal for an organized, detail-oriented HR professional who enjoys a broad role and wants continued exposure to multiple areas of human resources within a professional services environment. Responsibilities Coordinate new-hire onb…",human_resources
East Coast,,UI / UX Designer,Cranium AI,B,70,NJ,Not listed,Full-time,2026-09-14,https://www.linkedin.com/jobs/view/ui-ux-designer-at-cranium-ai-4465798325,"UX/UI Designer Cranium AI • New Jersey, United States About the job UX/UI Designer Cranium AI · (NJ/NY, NJ is the home office) · Reports to Director of UX/UI Vision Our vision is to secure the AI revolution. As the adoption of AI continues to expand, AI and machine learning (ML) models are increasingly exposed to new classes of threats. Without visibility into the AI assets in use, or monitoring of key metrics and threat indicators, organizations will not be able to keep up with this changing l…",ux_design
East Coast,,Desktop Support Technician,Ovation Workplace Services,B,68,"Niskayuna, NY",Not listed,Full-time,2026-09-11,https://www.linkedin.com/jobs/view/desktop-support-technician-at-ovation-workplace-services-4464255166,"Desktop Support Technician Department: Information Technology | FLSA Classification: Non-Exempt | Employment Type: Full-Time POSITION SUMMARY The Desktop Support Technician delivers first- and second-level technical support across local and remote environments. Responsibilities include hardware and software troubleshooting, incident documentation in the IT ticketing system, and resolution of issues involving operating systems, enterprise applications, and peripheral equipment. This role require…",it_support
East Coast,,Procurement Analyst,PGW Auto Glass,B,68,"Cranberry Township, PA",Not listed,Full-time,2026-09-11,https://www.linkedin.com/jobs/view/procurement-analyst-at-pgw-auto-glass-4466345819,"PGW Auto Glass is seeking a procurement analyst responsible for supporting sourcing projects, placing buys, costing, and supplier management within the sourcing and procurement organization. PGW Auto Glass is the most comprehensive distributor of automotive replacement glass, specialty parts, shop accessories, and digital services, including exact-match VIN decoding and Installer Business Services in North America. The company operates over 130 branches throughout the U.S. and Canada. Offering…",supply_chain
East Coast,,Inbound Operations Coordinator,LX Pantos Americas,B,68,"Englewood Cliffs, NJ",Not listed,Full-time,2026-09-11,https://www.linkedin.com/jobs/view/inbound-operations-coordinator-at-lx-pantos-americas-4465118077,"Inbound Operations Coordinator - Job Description Job Overview We are seeking a detail-oriented Inbound Operations Coordinator to manage daily inbound operations across assigned Distribution Centers. This role focuses on inbound process execution, operational issue resolution, and process improvement to support smooth warehouse operations. The ideal candidate will combine strong analytical skills with a collaborative mindset to help maintain operational efficiency and service performance. Inboun…",operations
East Coast,,"Project Analyst, Advanced",Naval Nuclear Laboratory (FMP),B,66,"West Mifflin, PA",Not listed,Full-time,2026-09-09,https://www.linkedin.com/jobs/view/project-analyst-advanced-at-naval-nuclear-laboratory-fmp-4465340810,"Working at the Naval Nuclear Laboratory we foster pride in belonging to an organization whose culture is made up of these core values: Trust, Empowerment, and Collaboration. Our company promotes a positive culture while ensuring the safety and reliability of our nation's naval nuclear reactors, and training the Sailors who operate those reactors in the U.S. Navy's submarines and aircraft carrier Fleets. Looking for a lifetime career? Apply today! Job Description The Naval Nuclear Laboratory is…",project_management
East Coast,,"Operations Coordinator, Engineering",Liberty Maritime,B,66,"Jericho, NY",Not listed,Full-time,2026-09-09,https://www.linkedin.com/jobs/view/operations-coordinator-engineering-at-liberty-maritime-4463050778,"Position Summary: The Operations Coordinator-Engineering, serves as a key operational resource within the Technical team, providing comprehensive administrative and operational support across all aspects of fleet management. The role is responsible for monitoring vessel activities, maintaining accurate departmental records and documentation, coordinating spare parts procurement / logistics, and supporting warehousing / delivery activities. Working closely with the Engineering, Purchasing and Op…",operations
East Coast,,Operations Coordinator - Bilingual English/Spanish,Imperial Cleaning,B,66,"Amityville, NY",Not listed,Full-time,2026-09-09,https://www.linkedin.com/jobs/view/operations-coordinator-bilingual-english-spanish-at-imperial-cleaning-4447445250,"Overview Imperial Cleaning is one of the largest independently owned cleaning companies in the nation, providing professional cleaning services to Retail, Offices, Medical Facilities, Schools, Commercial Buildings, Financial Institutions, Municipalities, and more for over 25+ years. Now over 1,000 employees strong, and with consistent double-digit sales growth year over year, Imperial Cleaning is well-positioned to continue its growth. A central pillar of our success is effective and frequent c…",operations
East Coast,,Operations Coordinator - Ocean Imports/Exports,Fracht Group - North America,B,61,"Lynbrook, NY",Not listed,Full-time,2026-09-01,https://www.linkedin.com/jobs/view/operations-coordinator-ocean-imports-exports-at-fracht-group-north-america-4433122128,"Position Overview The Operations Coordinator is responsible for filing entry documents, tracking and updating the movement of freight, and ensuring compliance with export clearance regulations set forth by various government agencies. The Operations Coordinator will ensure that shipments adhere to legal requirements. This individual will also coordinate between vendors, customers, and partners to process shipments. Knowledge Skills Required Integrity Adhere to Fracht’s Core Values and Vision .…",operations
